{
    "0": {
        "precision": 0.640625,
        "recall": 0.4270833333333333,
        "f1-score": 0.5125,
        "support": 96.0
    },
    "1": {
        "precision": 0.5634920634920635,
        "recall": 0.7553191489361702,
        "f1-score": 0.6454545454545455,
        "support": 94.0
    },
    "accuracy": 0.5894736842105263,
    "macro avg": {
        "precision": 0.6020585317460317,
        "recall": 0.5912012411347518,
        "f1-score": 0.5789772727272727,
        "support": 190
    },
    "weighted avg": {
        "precision": 0.6024644945697578,
        "recall": 0.5894736842105263,
        "f1-score": 0.5782775119617225,
        "support": 190.0
    },
    "micro avg": {
        "precision": 0.5894736842105263,
        "recall": 0.5894736842105263,
        "f1-score": 0.5894736842105263,
        "support": 190
    }
}