{
    "alt.atheism": {
        "precision": 0.48128342245989303,
        "recall": 0.5844155844155844,
        "f1-score": 0.5278592375366569,
        "support": 154.0
    },
    "comp.graphics": {
        "precision": 0.645933014354067,
        "recall": 0.7180851063829787,
        "f1-score": 0.6801007556675063,
        "support": 188.0
    },
    "comp.os.ms-windows.misc": {
        "precision": 0.6684491978609626,
        "recall": 0.6544502617801047,
        "f1-score": 0.6613756613756614,
        "support": 191.0
    },
    "comp.sys.ibm.pc.hardware": {
        "precision": 0.6224489795918368,
        "recall": 0.6387434554973822,
        "f1-score": 0.6304909560723514,
        "support": 191.0
    },
    "comp.sys.mac.hardware": {
        "precision": 0.8058823529411765,
        "recall": 0.7287234042553191,
        "f1-score": 0.7653631284916201,
        "support": 188.0
    },
    "comp.windows.x": {
        "precision": 0.8351063829787234,
        "recall": 0.8051282051282052,
        "f1-score": 0.8198433420365535,
        "support": 195.0
    },
    "misc.forsale": {
        "precision": 0.7591623036649214,
        "recall": 0.7671957671957672,
        "f1-score": 0.7631578947368421,
        "support": 189.0
    },
    "rec.autos": {
        "precision": 0.6844660194174758,
        "recall": 0.7621621621621621,
        "f1-score": 0.7212276214833759,
        "support": 185.0
    },
    "rec.motorcycles": {
        "precision": 0.8251748251748252,
        "recall": 0.6276595744680851,
        "f1-score": 0.7129909365558912,
        "support": 188.0
    },
    "rec.sport.baseball": {
        "precision": 0.8350515463917526,
        "recall": 0.84375,
        "f1-score": 0.8393782383419689,
        "support": 192.0
    },
    "rec.sport.hockey": {
        "precision": 0.9247311827956989,
        "recall": 0.8775510204081632,
        "f1-score": 0.900523560209424,
        "support": 196.0
    },
    "sci.crypt": {
        "precision": 0.884393063583815,
        "recall": 0.8138297872340425,
        "f1-score": 0.8476454293628809,
        "support": 188.0
    },
    "sci.electronics": {
        "precision": 0.6954314720812182,
        "recall": 0.7248677248677249,
        "f1-score": 0.7098445595854922,
        "support": 189.0
    },
    "sci.med": {
        "precision": 0.7969543147208121,
        "recall": 0.8263157894736842,
        "f1-score": 0.8113695090439277,
        "support": 190.0
    },
    "sci.space": {
        "precision": 0.7731958762886598,
        "recall": 0.7936507936507936,
        "f1-score": 0.783289817232376,
        "support": 189.0
    },
    "soc.religion.christian": {
        "precision": 0.6167883211678832,
        "recall": 0.8622448979591837,
        "f1-score": 0.7191489361702128,
        "support": 196.0
    },
    "talk.politics.guns": {
        "precision": 0.6368421052631579,
        "recall": 0.6759776536312849,
        "f1-score": 0.6558265582655827,
        "support": 179.0
    },
    "talk.politics.mideast": {
        "precision": 0.8580246913580247,
        "recall": 0.7595628415300546,
        "f1-score": 0.8057971014492754,
        "support": 183.0
    },
    "talk.politics.misc": {
        "precision": 0.5254237288135594,
        "recall": 0.62,
        "f1-score": 0.5688073394495413,
        "support": 150.0
    },
    "talk.religion.misc": {
        "precision": 0.6363636363636364,
        "recall": 0.11475409836065574,
        "f1-score": 0.19444444444444445,
        "support": 122.0
    },
    "accuracy": 0.7238539665111172,
    "macro avg": {
        "precision": 0.725555321863605,
        "recall": 0.7099534064200588,
        "f1-score": 0.7059242513755792,
        "support": 3643
    },
    "weighted avg": {
        "precision": 0.7320602995877448,
        "recall": 0.7238539665111172,
        "f1-score": 0.719075838300323,
        "support": 3643.0
    },
    "micro avg": {
        "precision": 0.7238539665111172,
        "recall": 0.7238539665111172,
        "f1-score": 0.7238539665111172,
        "support": 3643
    }
}