{
    "0": {
        "precision": 0.5726495726495726,
        "recall": 0.6979166666666666,
        "f1-score": 0.6291079812206573,
        "support": 96.0
    },
    "1": {
        "precision": 0.6027397260273972,
        "recall": 0.46808510638297873,
        "f1-score": 0.5269461077844312,
        "support": 94.0
    },
    "accuracy": 0.5842105263157895,
    "macro avg": {
        "precision": 0.5876946493384849,
        "recall": 0.5830008865248226,
        "f1-score": 0.5780270445025442,
        "support": 190
    },
    "weighted avg": {
        "precision": 0.5875362801101806,
        "recall": 0.5842105263157895,
        "f1-score": 0.5785647385732612,
        "support": 190.0
    },
    "micro avg": {
        "precision": 0.5842105263157895,
        "recall": 0.5842105263157895,
        "f1-score": 0.5842105263157895,
        "support": 190
    }
}